region_name,source,quantity,month
Aridia,metanox_mining,228430028929.0,202501
Aridia,refinery_mining,88630375215.0,202501
Black Rise,metanox_mining,278158375751.0,202501
Black Rise,refinery_mining,37743166726.0,202501
Branch,metanox_mining,270517831651.0,202501
Branch,refinery_mining,434628772640.0,202501
Cache,metanox_mining,87634672127.0,202501
Cache,refinery_mining,135208674993.0,202501
Catch,metanox_mining,112108755799.0,202501
Catch,refinery_mining,663375443409.0,202501
Cloud Ring,metanox_mining,170489761674.0,202501
Cloud Ring,refinery_mining,184386618820.0,202501
Cobalt Edge,metanox_mining,137898412968.0,202501
Cobalt Edge,refinery_mining,207755570570.0,202501
Curse,metanox_mining,196967555676.0,202501
Curse,refinery_mining,17437373156.0,202501
Deklein,metanox_mining,170608405113.0,202501
Deklein,refinery_mining,238232608346.0,202501
Delve,metanox_mining,327061666440.0,202501
Delve,refinery_mining,149900290856.0,202501
Derelik,metanox_mining,180839176913.0,202501
Derelik,refinery_mining,167576275778.0,202501
Detorid,metanox_mining,271872265861.0,202501
Detorid,refinery_mining,304336232890.0,202501
Devoid,metanox_mining,92371214416.0,202501
Devoid,refinery_mining,141733378993.0,202501
Domain,metanox_mining,137185888912.0,202501
Domain,refinery_mining,364741584384.0,202501
Esoteria,metanox_mining,114575779565.0,202501
Esoteria,refinery_mining,480634598352.0,202501
Essence,metanox_mining,124881782882.0,202501
Essence,refinery_mining,162114956764.0,202501
Etherium Reach,metanox_mining,170888505588.0,202501
Etherium Reach,refinery_mining,758257407287.0,202501
Everyshore,metanox_mining,47746953675.0,202501
Everyshore,refinery_mining,109619167185.0,202501
Fade,metanox_mining,116866250868.0,202501
Fade,refinery_mining,140467718159.0,202501
Feythabolis,metanox_mining,85304574914.0,202501
Feythabolis,refinery_mining,285836103153.0,202501
Fountain,metanox_mining,476309788544.0,202501
Fountain,refinery_mining,872881669609.0,202501
Geminate,metanox_mining,232706733340.0,202501
Geminate,refinery_mining,366578954295.0,202501
Genesis,metanox_mining,202938128392.0,202501
Genesis,refinery_mining,119898848976.0,202501
Great Wildlands,metanox_mining,350522104036.0,202501
Great Wildlands,refinery_mining,261114185167.0,202501
Heimatar,metanox_mining,117501922425.0,202501
Heimatar,refinery_mining,64494707050.0,202501
Immensea,metanox_mining,37027351488.0,202501
Immensea,refinery_mining,888525036866.0,202501
Impass,metanox_mining,13416944922.0,202501
Impass,refinery_mining,461200966272.0,202501
Insmother,metanox_mining,178958410369.0,202501
Insmother,refinery_mining,477282168969.0,202501
Kador,metanox_mining,119930544021.0,202501
Kador,refinery_mining,232987734196.0,202501
Khanid,metanox_mining,193234893801.0,202501
Khanid,refinery_mining,159662441383.0,202501
Kor-Azor,metanox_mining,120532096219.0,202501
Kor-Azor,refinery_mining,18988751478.0,202501
Lonetrek,metanox_mining,80603879651.0,202501
Lonetrek,refinery_mining,157417438778.0,202501
Malpais,metanox_mining,139944454993.0,202501
Malpais,refinery_mining,605432838892.0,202501
Metropolis,metanox_mining,266629468119.0,202501
Metropolis,refinery_mining,158669422536.0,202501
Molden Heath,metanox_mining,125137450865.0,202501
Molden Heath,refinery_mining,93686636741.0,202501
Oasa,metanox_mining,183627534835.0,202501
Oasa,refinery_mining,414986044101.0,202501
Omist,metanox_mining,162030098377.0,202501
Omist,refinery_mining,83854313753.0,202501
Outer Passage,metanox_mining,163103486185.0,202501
Outer Passage,refinery_mining,307832347685.0,202501
Outer Ring,metanox_mining,448908768705.0,202501
Outer Ring,refinery_mining,19286141298.0,202501
Paragon Soul,metanox_mining,90812647970.0,202501
Paragon Soul,refinery_mining,115411143428.0,202501
Period Basis,metanox_mining,129676000884.0,202501
Period Basis,refinery_mining,83268391037.0,202501
Perrigen Falls,metanox_mining,95857266292.0,202501
Perrigen Falls,refinery_mining,374879964673.0,202501
Placid,metanox_mining,241089515212.0,202501
Placid,refinery_mining,65131498870.0,202501
Pochven,refinery_mining,11920754548.0,202501
Providence,metanox_mining,299545435367.0,202501
Providence,refinery_mining,306438741715.0,202501
Pure Blind,metanox_mining,313010487449.0,202501
Pure Blind,refinery_mining,498516825638.0,202501
Querious,metanox_mining,306312524783.0,202501
Querious,refinery_mining,794767334941.0,202501
Scalding Pass,metanox_mining,499642770755.0,202501
Scalding Pass,refinery_mining,15181151378.0,202501
Sinq Laison,metanox_mining,94291695196.0,202501
Sinq Laison,refinery_mining,223805307718.0,202501
Solitude,metanox_mining,150860949761.0,202501
Solitude,refinery_mining,72372618140.0,202501
Stain,metanox_mining,260925804333.0,202501
Stain,refinery_mining,289930624469.0,202501
Syndicate,metanox_mining,553088285143.0,202501
Syndicate,refinery_mining,327649376650.0,202501
Tash-Murkon,metanox_mining,36077814944.0,202501
Tash-Murkon,refinery_mining,100082094222.0,202501
Tenal,metanox_mining,95452676526.0,202501
Tenal,refinery_mining,119414092649.0,202501
Tenerifis,metanox_mining,152507838009.0,202501
Tenerifis,refinery_mining,544478169553.0,202501
The Bleak Lands,metanox_mining,78078646819.0,202501
The Bleak Lands,refinery_mining,8584882124.0,202501
The Citadel,metanox_mining,101931451563.0,202501
The Citadel,refinery_mining,77572401732.0,202501
The Forge,metanox_mining,58958663245.0,202501
The Forge,refinery_mining,152746840503.0,202501
The Kalevala Expanse,metanox_mining,45738573821.0,202501
The Kalevala Expanse,refinery_mining,511057116003.0,202501
The Spire,metanox_mining,81959869300.0,202501
The Spire,refinery_mining,301641515945.0,202501
Tribute,metanox_mining,55976074842.0,202501
Tribute,refinery_mining,484351343825.0,202501
Vale of the Silent,metanox_mining,207109969521.0,202501
Vale of the Silent,refinery_mining,1295395958977.0,202501
Venal,metanox_mining,238696047672.0,202501
Venal,refinery_mining,13610973971.0,202501
Verge Vendor,metanox_mining,43392954987.0,202501
Verge Vendor,refinery_mining,45534601142.0,202501
Wicked Creek,metanox_mining,361592982996.0,202501
Wormhole (Class 1),metanox_mining,17756709980.0,202501
Wormhole (Class 1),refinery_mining,3721433200.0,202501
Wormhole (Class 2),metanox_mining,71230684065.0,202501
Wormhole (Class 2),refinery_mining,3373809430.0,202501
Wormhole (Class 3),metanox_mining,45537586323.0,202501
Wormhole (Class 3),refinery_mining,2718707628.0,202501
Wormhole (Class 4),metanox_mining,83701994745.0,202501
Wormhole (Class 4),refinery_mining,4675332230.0,202501
Wormhole (Class 5),metanox_mining,35658638776.0,202501
Wormhole (Class 5),refinery_mining,2127877698.0,202501
Wormhole (Class 6),metanox_mining,1091748608.0,202501
Aridia,metanox_mining,261450786152.0,202502
Aridia,refinery_mining,110571642719.0,202502
Black Rise,metanox_mining,254198065438.0,202502
Black Rise,refinery_mining,28148625806.0,202502
Branch,metanox_mining,242631328968.0,202502
Branch,refinery_mining,131225175540.0,202502
Cache,metanox_mining,81074802956.0,202502
Cache,refinery_mining,162749317702.0,202502
Catch,metanox_mining,104585140486.0,202502
Catch,refinery_mining,895437897939.0,202502
Cloud Ring,metanox_mining,147916298668.0,202502
Cloud Ring,refinery_mining,110203761180.0,202502
Cobalt Edge,metanox_mining,120940031515.0,202502
Cobalt Edge,refinery_mining,195151384031.0,202502
Curse,metanox_mining,202349737532.0,202502
Curse,refinery_mining,11210681016.0,202502
Deklein,metanox_mining,188143819968.0,202502
Deklein,refinery_mining,189467652328.0,202502
Delve,metanox_mining,286882701870.0,202502
Delve,refinery_mining,331427974264.0,202502
Derelik,metanox_mining,168573647396.0,202502
Derelik,refinery_mining,160642466753.0,202502
Detorid,metanox_mining,247189268697.0,202502
Detorid,refinery_mining,209771214587.0,202502
Devoid,metanox_mining,81311908429.0,202502
Devoid,refinery_mining,107880923503.0,202502
Domain,metanox_mining,135205516207.0,202502
Domain,refinery_mining,295997719424.0,202502
Esoteria,metanox_mining,114617543053.0,202502
Esoteria,refinery_mining,302990001125.0,202502
Essence,metanox_mining,118420447574.0,202502
Essence,refinery_mining,176024144534.0,202502
Etherium Reach,metanox_mining,160910486530.0,202502
Etherium Reach,refinery_mining,545920517169.0,202502
Everyshore,metanox_mining,39578474605.0,202502
Everyshore,refinery_mining,85288890096.0,202502
Fade,metanox_mining,100489811598.0,202502
Fade,refinery_mining,92502816649.0,202502
Feythabolis,metanox_mining,80337113862.0,202502
Feythabolis,refinery_mining,174727633610.0,202502
Fountain,metanox_mining,434596251688.0,202502
Fountain,refinery_mining,728265478294.0,202502
Geminate,metanox_mining,287804209751.0,202502
Geminate,refinery_mining,287158333259.0,202502
Genesis,metanox_mining,271273728116.0,202502
Genesis,refinery_mining,57236409719.0,202502
Great Wildlands,metanox_mining,311760796427.0,202502
Great Wildlands,refinery_mining,175387625847.0,202502
Heimatar,metanox_mining,101937382064.0,202502
Heimatar,refinery_mining,64909064468.0,202502
Immensea,metanox_mining,33064693440.0,202502
Immensea,refinery_mining,628158801011.0,202502
Impass,metanox_mining,10221998184.0,202502
Impass,refinery_mining,467994333629.0,202502
Insmother,metanox_mining,168248711767.0,202502
Insmother,refinery_mining,263987510426.0,202502
Kador,metanox_mining,103444905517.0,202502
Kador,refinery_mining,174721709846.0,202502
Khanid,metanox_mining,180376921992.0,202502
Khanid,refinery_mining,156134394729.0,202502
Kor-Azor,metanox_mining,121686139001.0,202502
Kor-Azor,refinery_mining,20453320414.0,202502
Lonetrek,metanox_mining,81215443050.0,202502
Lonetrek,refinery_mining,135567166113.0,202502
Malpais,metanox_mining,129448923362.0,202502
Malpais,refinery_mining,404105143398.0,202502
Metropolis,metanox_mining,235343240956.0,202502
Metropolis,refinery_mining,145715148466.0,202502
Molden Heath,metanox_mining,115701708049.0,202502
Molden Heath,refinery_mining,184171193098.0,202502
Oasa,metanox_mining,186563913759.0,202502
Oasa,refinery_mining,271639626525.0,202502
Omist,metanox_mining,132461936933.0,202502
Omist,refinery_mining,75913849446.0,202502
Outer Passage,metanox_mining,141461410161.0,202502
Outer Passage,refinery_mining,227095823124.0,202502
Outer Ring,metanox_mining,358272968716.0,202502
Outer Ring,refinery_mining,14727244130.0,202502
Paragon Soul,metanox_mining,77717743000.0,202502
Paragon Soul,refinery_mining,80521115485.0,202502
Period Basis,metanox_mining,116615155640.0,202502
Period Basis,refinery_mining,63290784212.0,202502
Perrigen Falls,metanox_mining,88059832581.0,202502
Perrigen Falls,refinery_mining,425687389993.0,202502
Placid,metanox_mining,208148031968.0,202502
Placid,refinery_mining,47714158262.0,202502
Pochven,refinery_mining,3917149500.0,202502
Providence,metanox_mining,269141302672.0,202502
Providence,refinery_mining,279301637639.0,202502
Pure Blind,metanox_mining,274184594379.0,202502
Pure Blind,refinery_mining,421778543345.0,202502
Querious,metanox_mining,279229228377.0,202502
Querious,refinery_mining,380451561303.0,202502
Scalding Pass,metanox_mining,416342306348.0,202502
Scalding Pass,refinery_mining,19254595298.0,202502
Sinq Laison,metanox_mining,89077785022.0,202502
Sinq Laison,refinery_mining,136719770081.0,202502
Solitude,metanox_mining,138418034450.0,202502
Solitude,refinery_mining,59358499313.0,202502
Stain,metanox_mining,243646858913.0,202502
Stain,refinery_mining,260262853015.0,202502
Syndicate,metanox_mining,487766626487.0,202502
Syndicate,refinery_mining,280895771793.0,202502
Tash-Murkon,metanox_mining,29391335895.0,202502
Tash-Murkon,refinery_mining,84237557340.0,202502
Tenal,metanox_mining,86848282887.0,202502
Tenal,refinery_mining,160605826214.0,202502
Tenerifis,metanox_mining,118716529815.0,202502
Tenerifis,refinery_mining,422846172455.0,202502
The Bleak Lands,metanox_mining,75445991541.0,202502
The Bleak Lands,refinery_mining,19499189929.0,202502
The Citadel,metanox_mining,90233446336.0,202502
The Citadel,refinery_mining,78222892300.0,202502
The Forge,metanox_mining,55543169595.0,202502
The Forge,refinery_mining,144476246798.0,202502
The Kalevala Expanse,metanox_mining,72652857254.0,202502
The Kalevala Expanse,refinery_mining,329437687416.0,202502
The Spire,metanox_mining,81122878078.0,202502
The Spire,refinery_mining,219110950223.0,202502
Tribute,metanox_mining,75748133968.0,202502
Tribute,refinery_mining,371492185899.0,202502
Vale of the Silent,metanox_mining,193922972302.0,202502
Vale of the Silent,refinery_mining,1009904760801.0,202502
Venal,metanox_mining,210997119358.0,202502
Venal,refinery_mining,271034116201.0,202502
Verge Vendor,metanox_mining,40177566446.0,202502
Verge Vendor,refinery_mining,104330376817.0,202502
Wicked Creek,metanox_mining,285559145488.0,202502
Wicked Creek,refinery_mining,125079352.0,202502
Wormhole (Class 1),metanox_mining,15559597266.0,202502
Wormhole (Class 1),refinery_mining,2776359338.0,202502
Wormhole (Class 2),metanox_mining,70906843889.0,202502
Wormhole (Class 2),refinery_mining,9029514580.0,202502
Wormhole (Class 3),metanox_mining,38111049315.0,202502
Wormhole (Class 3),refinery_mining,1954280666.0,202502
Wormhole (Class 4),metanox_mining,70751530636.0,202502
Wormhole (Class 4),refinery_mining,5840004786.0,202502
Wormhole (Class 5),metanox_mining,43826983016.0,202502
Wormhole (Class 5),refinery_mining,1674319370.0,202502
Wormhole (Class 6),metanox_mining,983206968.0,202502
Aridia,metanox_mining,286067655936.0,202503
Aridia,refinery_mining,96900868456.0,202503
Black Rise,metanox_mining,278232159146.0,202503
Black Rise,refinery_mining,32807706118.0,202503
Branch,metanox_mining,265603631220.0,202503
Branch,refinery_mining,420933946735.0,202503
Cache,metanox_mining,96368876155.0,202503
Cache,refinery_mining,151497585527.0,202503
Catch,metanox_mining,118109626797.0,202503
Catch,refinery_mining,1230003437082.0,202503
Cloud Ring,metanox_mining,163637570675.0,202503
Cloud Ring,refinery_mining,180176520545.0,202503
Cobalt Edge,metanox_mining,124677198595.0,202503
Cobalt Edge,refinery_mining,295108186331.0,202503
Curse,metanox_mining,250187892292.0,202503
Curse,refinery_mining,555047300.0,202503
Deklein,metanox_mining,206581605886.0,202503
Deklein,refinery_mining,233177639280.0,202503
Delve,metanox_mining,316629678884.0,202503
Delve,refinery_mining,111906167366.0,202503
Derelik,metanox_mining,183214344892.0,202503
Derelik,refinery_mining,306201107204.0,202503
Detorid,metanox_mining,281427045324.0,202503
Detorid,refinery_mining,263807670586.0,202503
Devoid,metanox_mining,86582095945.0,202503
Devoid,refinery_mining,109172816253.0,202503
Domain,metanox_mining,136252105886.0,202503
Domain,refinery_mining,355455521136.0,202503
Esoteria,metanox_mining,150139961751.0,202503
Esoteria,refinery_mining,247247624096.0,202503
Essence,metanox_mining,132017371436.0,202503
Essence,refinery_mining,154002126483.0,202503
Etherium Reach,metanox_mining,198770977993.0,202503
Etherium Reach,refinery_mining,675326658155.0,202503
Everyshore,metanox_mining,43980115909.0,202503
Everyshore,refinery_mining,101499530438.0,202503
Fade,metanox_mining,80903161711.0,202503
Fade,refinery_mining,93686999822.0,202503
Feythabolis,metanox_mining,98181863012.0,202503
Feythabolis,refinery_mining,324324317942.0,202503
Fountain,metanox_mining,472944044831.0,202503
Fountain,refinery_mining,668073765159.0,202503
Geminate,metanox_mining,322191208778.0,202503
Geminate,refinery_mining,262486137900.0,202503
Genesis,metanox_mining,305594516757.0,202503
Genesis,refinery_mining,56170488710.0,202503
Great Wildlands,metanox_mining,348867906275.0,202503
Great Wildlands,refinery_mining,179940400599.0,202503
Heimatar,metanox_mining,122637605267.0,202503
Heimatar,refinery_mining,55309109381.0,202503
Immensea,metanox_mining,35996708568.0,202503
Immensea,refinery_mining,721149571396.0,202503
Impass,metanox_mining,11209025544.0,202503
Impass,refinery_mining,431931200658.0,202503
Insmother,metanox_mining,244089694742.0,202503
Insmother,refinery_mining,349354219063.0,202503
Kador,metanox_mining,119203732912.0,202503
Kador,refinery_mining,173168592264.0,202503
Khanid,metanox_mining,192850686329.0,202503
Khanid,refinery_mining,162893985699.0,202503
Kor-Azor,metanox_mining,135078665324.0,202503
Kor-Azor,refinery_mining,23379187144.0,202503
Lonetrek,metanox_mining,91766156203.0,202503
Lonetrek,refinery_mining,115583617096.0,202503
Malpais,metanox_mining,171647752025.0,202503
Malpais,refinery_mining,424507884907.0,202503
Metropolis,metanox_mining,291028333926.0,202503
Metropolis,refinery_mining,74814167052.0,202503
Molden Heath,metanox_mining,147480505924.0,202503
Molden Heath,refinery_mining,137511759905.0,202503
Oasa,metanox_mining,200916458334.0,202503
Oasa,refinery_mining,310601885253.0,202503
Omist,metanox_mining,143989726647.0,202503
Omist,refinery_mining,99119737408.0,202503
Outer Passage,metanox_mining,127730296688.0,202503
Outer Passage,refinery_mining,239412951210.0,202503
Outer Ring,metanox_mining,357821260904.0,202503
Outer Ring,refinery_mining,8553815768.0,202503
Paragon Soul,metanox_mining,84202571532.0,202503
Paragon Soul,refinery_mining,125488432574.0,202503
Period Basis,metanox_mining,141420678727.0,202503
Period Basis,refinery_mining,33252029710.0,202503
Perrigen Falls,metanox_mining,179066454992.0,202503
Perrigen Falls,refinery_mining,292858486114.0,202503
Placid,metanox_mining,229060532628.0,202503
Placid,refinery_mining,53154697360.0,202503
Pochven,refinery_mining,10712496219.0,202503
Providence,metanox_mining,311524894255.0,202503
Providence,refinery_mining,335476656851.0,202503
Pure Blind,metanox_mining,351856228395.0,202503
Pure Blind,refinery_mining,472686958997.0,202503
Querious,metanox_mining,309126333229.0,202503
Querious,refinery_mining,719368404404.0,202503
Scalding Pass,metanox_mining,461989393115.0,202503
Scalding Pass,refinery_mining,18739931349.0,202503
Sinq Laison,metanox_mining,113247940950.0,202503
Sinq Laison,refinery_mining,145020573041.0,202503
Solitude,metanox_mining,166561436889.0,202503
Solitude,refinery_mining,30580432878.0,202503
Stain,metanox_mining,244972195413.0,202503
Stain,refinery_mining,382293118494.0,202503
Syndicate,metanox_mining,528318062860.0,202503
Syndicate,refinery_mining,269744159408.0,202503
Tash-Murkon,metanox_mining,31756997752.0,202503
Tash-Murkon,refinery_mining,97208450548.0,202503
Tenal,metanox_mining,96728512446.0,202503
Tenal,refinery_mining,180851104247.0,202503
Tenerifis,metanox_mining,137760372050.0,202503
Tenerifis,refinery_mining,565134606060.0,202503
The Bleak Lands,metanox_mining,80589344269.0,202503
The Bleak Lands,refinery_mining,12099104034.0,202503
The Citadel,metanox_mining,97840231588.0,202503
The Citadel,refinery_mining,78347410652.0,202503
The Forge,metanox_mining,74436186854.0,202503
The Forge,refinery_mining,149522737539.0,202503
The Kalevala Expanse,metanox_mining,112205514871.0,202503
The Kalevala Expanse,refinery_mining,434565118243.0,202503
The Spire,metanox_mining,89718128605.0,202503
The Spire,refinery_mining,292270410374.0,202503
Tribute,metanox_mining,115731395804.0,202503
Tribute,refinery_mining,430115538540.0,202503
Vale of the Silent,metanox_mining,235485257910.0,202503
Vale of the Silent,refinery_mining,1163669671852.0,202503
Venal,metanox_mining,308702576158.0,202503
Venal,refinery_mining,50757903185.0,202503
Verge Vendor,metanox_mining,46164353959.0,202503
Verge Vendor,refinery_mining,36668333132.0,202503
Wicked Creek,metanox_mining,296634587908.0,202503
Wormhole (Class 1),metanox_mining,19624808179.0,202503
Wormhole (Class 1),refinery_mining,2342085118.0,202503
Wormhole (Class 2),metanox_mining,79488477687.0,202503
Wormhole (Class 2),refinery_mining,10043642372.0,202503
Wormhole (Class 3),metanox_mining,32675534620.0,202503
Wormhole (Class 3),refinery_mining,859014188.0,202503
Wormhole (Class 4),metanox_mining,67700592864.0,202503
Wormhole (Class 4),refinery_mining,5180864810.0,202503
Wormhole (Class 5),metanox_mining,21922251716.0,202503
Wormhole (Class 5),refinery_mining,4225237552.0,202503
Wormhole (Class 6),metanox_mining,434329182.0,202503
Aridia,metanox_mining,254878770692.0,202504
Aridia,refinery_mining,143715950794.0,202504
Black Rise,metanox_mining,253967745160.0,202504
Black Rise,refinery_mining,23044015028.0,202504
Branch,metanox_mining,237657692611.0,202504
Branch,refinery_mining,300849457134.0,202504
Cache,metanox_mining,85669890297.0,202504
Cache,refinery_mining,161151741289.0,202504
Catch,metanox_mining,150916338474.0,202504
Catch,refinery_mining,290053409227.0,202504
Cloud Ring,metanox_mining,155809822041.0,202504
Cloud Ring,refinery_mining,130255491345.0,202504
Cobalt Edge,metanox_mining,97969712276.0,202504
Cobalt Edge,refinery_mining,182029532994.0,202504
Curse,metanox_mining,232805320471.0,202504
Curse,refinery_mining,3750572380.0,202504
Deklein,metanox_mining,190303488649.0,202504
Deklein,refinery_mining,274067395225.0,202504
Delve,metanox_mining,275903915471.0,202504
Delve,refinery_mining,360481278634.0,202504
Derelik,metanox_mining,158026369038.0,202504
Derelik,refinery_mining,161470383902.0,202504
Detorid,metanox_mining,260955300781.0,202504
Detorid,refinery_mining,215447789436.0,202504
Devoid,metanox_mining,87024234117.0,202504
Devoid,refinery_mining,99595502030.0,202504
Domain,metanox_mining,121276099389.0,202504
Domain,refinery_mining,308158074024.0,202504
Esoteria,metanox_mining,147615446330.0,202504
Esoteria,refinery_mining,255988779217.0,202504
Essence,metanox_mining,114201550636.0,202504
Essence,refinery_mining,127385323109.0,202504
Etherium Reach,metanox_mining,172139146475.0,202504
Etherium Reach,refinery_mining,562672195701.0,202504
Everyshore,metanox_mining,40403871715.0,202504
Everyshore,refinery_mining,87810772074.0,202504
Fade,metanox_mining,76410434984.0,202504
Fade,refinery_mining,72633389632.0,202504
Feythabolis,metanox_mining,88767581927.0,202504
Feythabolis,refinery_mining,233776327842.0,202504
Fountain,metanox_mining,421411702405.0,202504
Fountain,refinery_mining,770354813982.0,202504
Geminate,metanox_mining,272633587765.0,202504
Geminate,refinery_mining,165609153301.0,202504
Genesis,metanox_mining,271042663133.0,202504
Genesis,refinery_mining,80835919938.0,202504
Great Wildlands,metanox_mining,318067853216.0,202504
Great Wildlands,refinery_mining,206220443477.0,202504
Heimatar,metanox_mining,115027369884.0,202504
Heimatar,refinery_mining,41205670798.0,202504
Immensea,metanox_mining,34798649400.0,202504
Immensea,refinery_mining,623580962299.0,202504
Impass,metanox_mining,11324812200.0,202504
Impass,refinery_mining,589842124982.0,202504
Insmother,metanox_mining,275667515979.0,202504
Insmother,refinery_mining,288682610202.0,202504
Kador,metanox_mining,106590582008.0,202504
Kador,refinery_mining,130511142668.0,202504
Khanid,metanox_mining,175822431219.0,202504
Khanid,refinery_mining,105756254874.0,202504
Kor-Azor,metanox_mining,126806333323.0,202504
Kor-Azor,refinery_mining,15762768399.0,202504
Lonetrek,metanox_mining,83265236215.0,202504
Lonetrek,refinery_mining,83850158632.0,202504
Malpais,metanox_mining,144545311283.0,202504
Malpais,refinery_mining,377529621093.0,202504
Metropolis,metanox_mining,278572732429.0,202504
Metropolis,refinery_mining,70403334809.0,202504
Molden Heath,metanox_mining,143216261551.0,202504
Molden Heath,refinery_mining,136219043445.0,202504
Oasa,metanox_mining,151776343613.0,202504
Oasa,refinery_mining,284657372554.0,202504
Omist,metanox_mining,129044286872.0,202504
Omist,refinery_mining,105970987089.0,202504
Outer Passage,metanox_mining,108649879183.0,202504
Outer Passage,refinery_mining,207766699006.0,202504
Outer Ring,metanox_mining,378616700722.0,202504
Outer Ring,refinery_mining,4321011381.0,202504
Paragon Soul,metanox_mining,73692417779.0,202504
Paragon Soul,refinery_mining,95032941243.0,202504
Period Basis,metanox_mining,98280039676.0,202504
Period Basis,refinery_mining,76140289056.0,202504
Perrigen Falls,metanox_mining,180739808839.0,202504
Perrigen Falls,refinery_mining,463182403326.0,202504
Placid,metanox_mining,204934897868.0,202504
Placid,refinery_mining,37834338762.0,202504
Pochven,refinery_mining,9030684739.0,202504
Providence,metanox_mining,274410709894.0,202504
Providence,refinery_mining,291417922682.0,202504
Pure Blind,metanox_mining,290056923605.0,202504
Pure Blind,refinery_mining,483720022904.0,202504
Querious,metanox_mining,244184655770.0,202504
Querious,refinery_mining,373166504554.0,202504
Scalding Pass,metanox_mining,434938668483.0,202504
Scalding Pass,refinery_mining,13139796638.0,202504
Sinq Laison,metanox_mining,109748310812.0,202504
Sinq Laison,refinery_mining,79035031177.0,202504
Solitude,metanox_mining,157576349334.0,202504
Solitude,refinery_mining,17397836112.0,202504
Stain,metanox_mining,239287881665.0,202504
Stain,refinery_mining,273559650402.0,202504
Syndicate,metanox_mining,483544522191.0,202504
Syndicate,refinery_mining,219402485673.0,202504
Tash-Murkon,metanox_mining,22897227542.0,202504
Tash-Murkon,refinery_mining,68499674543.0,202504
Tenal,metanox_mining,94209770463.0,202504
Tenal,refinery_mining,130199496589.0,202504
Tenerifis,metanox_mining,123191645322.0,202504
Tenerifis,refinery_mining,369864967511.0,202504
The Bleak Lands,metanox_mining,70951825720.0,202504
The Bleak Lands,refinery_mining,14489834758.0,202504
The Citadel,metanox_mining,90034587343.0,202504
The Citadel,refinery_mining,70003111582.0,202504
The Forge,metanox_mining,68503257166.0,202504
The Forge,refinery_mining,121622332264.0,202504
The Kalevala Expanse,metanox_mining,134941576824.0,202504
The Kalevala Expanse,refinery_mining,357534053444.0,202504
The Spire,metanox_mining,73726347960.0,202504
The Spire,refinery_mining,230983032985.0,202504
Tribute,metanox_mining,132883290209.0,202504
Tribute,refinery_mining,538146934239.0,202504
Vale of the Silent,metanox_mining,199685015058.0,202504
Vale of the Silent,refinery_mining,1416743790615.0,202504
Venal,metanox_mining,317725393683.0,202504
Venal,refinery_mining,69967628534.0,202504
Verge Vendor,metanox_mining,44180515166.0,202504
Verge Vendor,refinery_mining,27843817198.0,202504
Wicked Creek,metanox_mining,278955220348.0,202504
Wicked Creek,refinery_mining,887563820.0,202504
Wormhole (Class 1),metanox_mining,12640095940.0,202504
Wormhole (Class 1),refinery_mining,3469159728.0,202504
Wormhole (Class 2),metanox_mining,44737624686.0,202504
Wormhole (Class 2),refinery_mining,4766978694.0,202504
Wormhole (Class 3),metanox_mining,25716015683.0,202504
Wormhole (Class 3),refinery_mining,1677466670.0,202504
Wormhole (Class 4),metanox_mining,38336330641.0,202504
Wormhole (Class 4),refinery_mining,2822951074.0,202504
Wormhole (Class 5),metanox_mining,11721135015.0,202504
Wormhole (Class 5),refinery_mining,1985181688.0,202504
Wormhole (Class 6),metanox_mining,474452924.0,202504
Aridia,metanox_mining,247173240380.0,202505
Aridia,refinery_mining,141697834004.0,202505
Black Rise,metanox_mining,248428515155.0,202505
Black Rise,refinery_mining,21631471696.0,202505
Branch,metanox_mining,238525237525.0,202505
Branch,refinery_mining,317717093843.0,202505
Cache,metanox_mining,93269592140.0,202505
Cache,refinery_mining,141539997450.0,202505
Catch,metanox_mining,182308829455.0,202505
Catch,refinery_mining,1032304727039.0,202505
Cloud Ring,metanox_mining,145975466778.0,202505
Cloud Ring,refinery_mining,180581367134.0,202505
Cobalt Edge,metanox_mining,87506421486.0,202505
Cobalt Edge,refinery_mining,260872462885.0,202505
Curse,metanox_mining,227640005330.0,202505
Curse,refinery_mining,7363437158.0,202505
Deklein,metanox_mining,189631522671.0,202505
Deklein,refinery_mining,211336530804.0,202505
Delve,metanox_mining,238979837732.0,202505
Delve,refinery_mining,240914302151.0,202505
Derelik,metanox_mining,164619210945.0,202505
Derelik,refinery_mining,290536908593.0,202505
Detorid,metanox_mining,259548876880.0,202505
Detorid,refinery_mining,241508063056.0,202505
Devoid,metanox_mining,70042686422.0,202505
Devoid,refinery_mining,68415929197.0,202505
Domain,metanox_mining,125155448206.0,202505
Domain,refinery_mining,273001849425.0,202505
Esoteria,metanox_mining,136780562709.0,202505
Esoteria,refinery_mining,286147781951.0,202505
Essence,metanox_mining,113561992360.0,202505
Essence,refinery_mining,137365044658.0,202505
Etherium Reach,metanox_mining,163028665370.0,202505
Etherium Reach,refinery_mining,728039479350.0,202505
Everyshore,metanox_mining,42579847632.0,202505
Everyshore,refinery_mining,61268060128.0,202505
Fade,metanox_mining,88955051105.0,202505
Fade,refinery_mining,110028960270.0,202505
Feythabolis,metanox_mining,93694953127.0,202505
Feythabolis,refinery_mining,342685503625.0,202505
Fountain,metanox_mining,412489806066.0,202505
Fountain,refinery_mining,597007300162.0,202505
Geminate,metanox_mining,288192608973.0,202505
Geminate,refinery_mining,273278492860.0,202505
Genesis,metanox_mining,261119188636.0,202505
Genesis,refinery_mining,53482606765.0,202505
Great Wildlands,metanox_mining,316602186246.0,202505
Great Wildlands,refinery_mining,120699040800.0,202505
Heimatar,metanox_mining,110859050192.0,202505
Heimatar,refinery_mining,40591431681.0,202505
Immensea,metanox_mining,34115240160.0,202505
Immensea,refinery_mining,668520939973.0,202505
Impass,metanox_mining,11629484760.0,202505
Impass,refinery_mining,273039409505.0,202505
Insmother,metanox_mining,233947370451.0,202505
Insmother,refinery_mining,381663333149.0,202505
Kador,metanox_mining,101819044260.0,202505
Kador,refinery_mining,115924940294.0,202505
Khanid,metanox_mining,177064852462.0,202505
Khanid,refinery_mining,94935622552.0,202505
Kor-Azor,metanox_mining,120161837694.0,202505
Kor-Azor,refinery_mining,16871976224.0,202505
Lonetrek,metanox_mining,83532069824.0,202505
Lonetrek,refinery_mining,53352177414.0,202505
Malpais,metanox_mining,140567540720.0,202505
Malpais,refinery_mining,419321861205.0,202505
Metropolis,metanox_mining,271596736592.0,202505
Metropolis,refinery_mining,56370704155.0,202505
Molden Heath,metanox_mining,140640779662.0,202505
Molden Heath,refinery_mining,177904838575.0,202505
Oasa,metanox_mining,140496583440.0,202505
Oasa,refinery_mining,291366930937.0,202505
Omist,metanox_mining,122593117484.0,202505
Omist,refinery_mining,101720446036.0,202505
Outer Passage,metanox_mining,125675760229.0,202505
Outer Passage,refinery_mining,249294798602.0,202505
Outer Ring,metanox_mining,301309724241.0,202505
Outer Ring,refinery_mining,23093919484.0,202505
Paragon Soul,metanox_mining,72621914930.0,202505
Paragon Soul,refinery_mining,85334234169.0,202505
Period Basis,metanox_mining,76798271273.0,202505
Period Basis,refinery_mining,58873359235.0,202505
Perrigen Falls,metanox_mining,197297030003.0,202505
Perrigen Falls,refinery_mining,221720137672.0,202505
Placid,metanox_mining,204145397376.0,202505
Placid,refinery_mining,34371723340.0,202505
Pochven,refinery_mining,12025052186.0,202505
Providence,metanox_mining,236241644367.0,202505
Providence,refinery_mining,261403105783.0,202505
Pure Blind,metanox_mining,287314604281.0,202505
Pure Blind,refinery_mining,382795161637.0,202505
Querious,metanox_mining,214320841442.0,202505
Querious,refinery_mining,459611595895.0,202505
Scalding Pass,metanox_mining,398363837327.0,202505
Scalding Pass,refinery_mining,19594607419.0,202505
Sinq Laison,metanox_mining,118022485721.0,202505
Sinq Laison,refinery_mining,130595981204.0,202505
Solitude,metanox_mining,153200218825.0,202505
Solitude,refinery_mining,24802762367.0,202505
Stain,metanox_mining,241072517680.0,202505
Stain,refinery_mining,247420069035.0,202505
Syndicate,metanox_mining,485122467749.0,202505
Syndicate,refinery_mining,260172453068.0,202505
Tash-Murkon,metanox_mining,21437218419.0,202505
Tash-Murkon,refinery_mining,39148196777.0,202505
Tenal,metanox_mining,95631531395.0,202505
Tenal,refinery_mining,155834641209.0,202505
Tenerifis,metanox_mining,121231790193.0,202505
Tenerifis,refinery_mining,396714355949.0,202505
The Bleak Lands,metanox_mining,67546034630.0,202505
The Bleak Lands,refinery_mining,8075434486.0,202505
The Citadel,metanox_mining,90890672549.0,202505
The Citadel,refinery_mining,61106343768.0,202505
The Forge,metanox_mining,71692477378.0,202505
The Forge,refinery_mining,104793262618.0,202505
The Kalevala Expanse,metanox_mining,152849496946.0,202505
The Kalevala Expanse,refinery_mining,375090273271.0,202505
The Spire,metanox_mining,78458561341.0,202505
The Spire,refinery_mining,248110708695.0,202505
Tribute,metanox_mining,141932923780.0,202505
Tribute,refinery_mining,364087660697.0,202505
Vale of the Silent,metanox_mining,208713242936.0,202505
Vale of the Silent,refinery_mining,978311163888.0,202505
Venal,metanox_mining,313001903682.0,202505
Venal,refinery_mining,64093778313.0,202505
Verge Vendor,metanox_mining,44689310434.0,202505
Verge Vendor,refinery_mining,33899151683.0,202505
Wicked Creek,metanox_mining,268755082668.0,202505
Wicked Creek,refinery_mining,27017233887.0,202505
Wormhole (Class 1),metanox_mining,8443174974.0,202505
Wormhole (Class 1),refinery_mining,3537765126.0,202505
Wormhole (Class 2),metanox_mining,31163025806.0,202505
Wormhole (Class 2),refinery_mining,3352639742.0,202505
Wormhole (Class 3),metanox_mining,19575182274.0,202505
Wormhole (Class 3),refinery_mining,981573628.0,202505
Wormhole (Class 4),metanox_mining,25934448426.0,202505
Wormhole (Class 4),refinery_mining,3114660638.0,202505
Wormhole (Class 5),metanox_mining,7502962215.0,202505
Wormhole (Class 5),refinery_mining,1624431008.0,202505
Wormhole (Class 6),metanox_mining,719267124.0,202505
Aridia,metanox_mining,256370497377.0,202506
Aridia,refinery_mining,72098572344.0,202506
Black Rise,metanox_mining,254147756339.0,202506
Black Rise,refinery_mining,20299034092.0,202506
Branch,metanox_mining,252603165282.0,202506
Branch,refinery_mining,118281055384.0,202506
Cache,metanox_mining,83661479833.0,202506
Cache,refinery_mining,90145575478.0,202506
Catch,metanox_mining,321542007067.0,202506
Catch,refinery_mining,244263357469.0,202506
Cloud Ring,metanox_mining,162699173313.0,202506
Cloud Ring,refinery_mining,143613183406.0,202506
Cobalt Edge,metanox_mining,87979949968.0,202506
Cobalt Edge,refinery_mining,242336182008.0,202506
Curse,metanox_mining,239780374672.0,202506
Curse,refinery_mining,4449640822.0,202506
Deklein,metanox_mining,231120071259.0,202506
Deklein,refinery_mining,107836594542.0,202506
Delve,metanox_mining,225679346940.0,202506
Delve,refinery_mining,35909732310.0,202506
Derelik,metanox_mining,176501389219.0,202506
Derelik,refinery_mining,196735515454.0,202506
Detorid,metanox_mining,235187522454.0,202506
Detorid,refinery_mining,134056549918.0,202506
Devoid,metanox_mining,67422355823.0,202506
Devoid,refinery_mining,151634047788.0,202506
Domain,metanox_mining,123259711703.0,202506
Domain,refinery_mining,251531697093.0,202506
Esoteria,metanox_mining,113112693956.0,202506
Esoteria,refinery_mining,164569019096.0,202506
Essence,metanox_mining,112964883570.0,202506
Essence,refinery_mining,129241174995.0,202506
Etherium Reach,metanox_mining,168230921827.0,202506
Etherium Reach,refinery_mining,614857518531.0,202506
Everyshore,metanox_mining,45366557300.0,202506
Everyshore,refinery_mining,54534705925.0,202506
Fade,metanox_mining,97549139000.0,202506
Fade,refinery_mining,71791105913.0,202506
Feythabolis,metanox_mining,102899539516.0,202506
Feythabolis,refinery_mining,311742535182.0,202506
Fountain,metanox_mining,425796443637.0,202506
Fountain,refinery_mining,745883370534.0,202506
Geminate,metanox_mining,312811289125.0,202506
Geminate,refinery_mining,256129406269.0,202506
Genesis,metanox_mining,259412981350.0,202506
Genesis,refinery_mining,49971639545.0,202506
Great Wildlands,metanox_mining,357097033345.0,202506
Great Wildlands,refinery_mining,113099331368.0,202506
Heimatar,metanox_mining,116333511909.0,202506
Heimatar,refinery_mining,38575052867.0,202506
Immensea,metanox_mining,33916446552.0,202506
Immensea,refinery_mining,366322591422.0,202506
Impass,metanox_mining,13423916296.0,202506
Impass,refinery_mining,399267674691.0,202506
Insmother,metanox_mining,165649243466.0,202506
Insmother,refinery_mining,88761849747.0,202506
Kador,metanox_mining,95390144961.0,202506
Kador,refinery_mining,132414278563.0,202506
Khanid,metanox_mining,188926880411.0,202506
Khanid,refinery_mining,87160338955.0,202506
Kor-Azor,metanox_mining,126438777210.0,202506
Kor-Azor,refinery_mining,17317254906.0,202506
Lonetrek,metanox_mining,89473339769.0,202506
Lonetrek,refinery_mining,74948986092.0,202506
Malpais,metanox_mining,137069933502.0,202506
Malpais,refinery_mining,318237497363.0,202506
Metropolis,metanox_mining,287252016715.0,202506
Metropolis,refinery_mining,58396586898.0,202506
Molden Heath,metanox_mining,151533027300.0,202506
Molden Heath,refinery_mining,123083365397.0,202506
Oasa,metanox_mining,163305964556.0,202506
Oasa,refinery_mining,212128478368.0,202506
Omist,metanox_mining,134307387334.0,202506
Omist,refinery_mining,107670601611.0,202506
Outer Passage,metanox_mining,124180694751.0,202506
Outer Passage,refinery_mining,184701357513.0,202506
Outer Ring,metanox_mining,252635945039.0,202506
Outer Ring,refinery_mining,151578965555.0,202506
Paragon Soul,metanox_mining,52007672114.0,202506
Paragon Soul,refinery_mining,91152630174.0,202506
Period Basis,metanox_mining,67000005392.0,202506
Period Basis,refinery_mining,44987588599.0,202506
Perrigen Falls,metanox_mining,229879918941.0,202506
Perrigen Falls,refinery_mining,240012581563.0,202506
Placid,metanox_mining,217615179596.0,202506
Placid,refinery_mining,32502112556.0,202506
Pochven,refinery_mining,6855948540.0,202506
Providence,metanox_mining,212256606111.0,202506
Providence,refinery_mining,265237762995.0,202506
Pure Blind,metanox_mining,300269906793.0,202506
Pure Blind,refinery_mining,391900214654.0,202506
Querious,metanox_mining,185118695918.0,202506
Querious,refinery_mining,238477447151.0,202506
Scalding Pass,metanox_mining,371878673050.0,202506
Scalding Pass,refinery_mining,11745681502.0,202506
Sinq Laison,metanox_mining,124107563178.0,202506
Sinq Laison,refinery_mining,60825143152.0,202506
Solitude,metanox_mining,159013134273.0,202506
Solitude,refinery_mining,21868492733.0,202506
Stain,metanox_mining,265087130796.0,202506
Stain,refinery_mining,200537141999.0,202506
Syndicate,metanox_mining,518647990096.0,202506
Syndicate,refinery_mining,221815633530.0,202506
Tash-Murkon,metanox_mining,22688124174.0,202506
Tash-Murkon,refinery_mining,43028789262.0,202506
Tenal,metanox_mining,104392729740.0,202506
Tenal,refinery_mining,66913677599.0,202506
Tenerifis,metanox_mining,114065780008.0,202506
Tenerifis,refinery_mining,209715744347.0,202506
The Bleak Lands,metanox_mining,69183569012.0,202506
The Bleak Lands,refinery_mining,11213321760.0,202506
The Citadel,metanox_mining,91615142598.0,202506
The Citadel,refinery_mining,60995288938.0,202506
The Forge,metanox_mining,77525369128.0,202506
The Forge,refinery_mining,96692920402.0,202506
The Kalevala Expanse,metanox_mining,206941267730.0,202506
The Kalevala Expanse,refinery_mining,281238016273.0,202506
The Spire,metanox_mining,90744036392.0,202506
The Spire,refinery_mining,148939887590.0,202506
Tribute,metanox_mining,168156071387.0,202506
Tribute,refinery_mining,394895429913.0,202506
Vale of the Silent,metanox_mining,233268578728.0,202506
Vale of the Silent,refinery_mining,963306711773.0,202506
Venal,metanox_mining,372991390392.0,202506
Venal,refinery_mining,57505552016.0,202506
Verge Vendor,metanox_mining,47457201970.0,202506
Verge Vendor,refinery_mining,21826570422.0,202506
Wicked Creek,metanox_mining,259610356278.0,202506
Wicked Creek,refinery_mining,766039026.0,202506
Wormhole (Class 1),metanox_mining,7138025655.0,202506
Wormhole (Class 1),refinery_mining,1187710014.0,202506
Wormhole (Class 2),metanox_mining,29797388977.0,202506
Wormhole (Class 2),refinery_mining,3251274610.0,202506
Wormhole (Class 3),metanox_mining,12361792507.0,202506
Wormhole (Class 3),refinery_mining,1588128878.0,202506
Wormhole (Class 4),metanox_mining,18869155417.0,202506
Wormhole (Class 4),refinery_mining,2891773936.0,202506
Wormhole (Class 5),metanox_mining,6639722865.0,202506
Wormhole (Class 5),refinery_mining,906559926.0,202506
Aridia,metanox_mining,231503987030.0,202508
Aridia,refinery_mining,65396565760.0,202508
Black Rise,metanox_mining,238857777298.0,202508
Black Rise,refinery_mining,14897867530.0,202508
Branch,metanox_mining,270578767348.0,202508
Branch,refinery_mining,193570539348.0,202508
Cache,metanox_mining,97686465795.0,202508
Catch,metanox_mining,321360439594.0,202508
Catch,refinery_mining,534570757054.0,202508
Cloud Ring,metanox_mining,145095117300.0,202508
Cloud Ring,refinery_mining,57143191077.0,202508
Cobalt Edge,metanox_mining,98180058463.0,202508
Cobalt Edge,refinery_mining,196199804322.0,202508
Curse,metanox_mining,225450789949.0,202508
Curse,refinery_mining,10977748128.0,202508
Deklein,metanox_mining,234733649534.0,202508
Deklein,refinery_mining,52535272005.0,202508
Delve,metanox_mining,359299335273.0,202508
Delve,refinery_mining,378594.0,202508
Derelik,metanox_mining,157070513787.0,202508
Derelik,refinery_mining,209997830256.0,202508
Detorid,metanox_mining,95513397808.0,202508
Detorid,refinery_mining,13873775185.0,202508
Devoid,metanox_mining,57940279109.0,202508
Devoid,refinery_mining,82702596677.0,202508
Domain,metanox_mining,110264011929.0,202508
Domain,refinery_mining,218093115399.0,202508
Esoteria,metanox_mining,92079612517.0,202508
Esoteria,refinery_mining,158933688940.0,202508
Essence,metanox_mining,105272611520.0,202508
Essence,refinery_mining,66162360120.0,202508
Etherium Reach,metanox_mining,135016911984.0,202508
Etherium Reach,refinery_mining,486741999989.0,202508
Everyshore,metanox_mining,43776312124.0,202508
Everyshore,refinery_mining,26141573477.0,202508
Fade,metanox_mining,105456187121.0,202508
Fade,refinery_mining,46350810263.0,202508
Feythabolis,metanox_mining,137721378393.0,202508
Feythabolis,refinery_mining,160237871189.0,202508
Fountain,metanox_mining,375735297605.0,202508
Fountain,refinery_mining,634721404787.0,202508
Geminate,metanox_mining,312117215757.0,202508
Geminate,refinery_mining,204014697137.0,202508
Genesis,metanox_mining,225039897283.0,202508
Genesis,refinery_mining,30285811275.0,202508
Great Wildlands,metanox_mining,372861169114.0,202508
Great Wildlands,refinery_mining,117129279052.0,202508
Heimatar,metanox_mining,107238022574.0,202508
Heimatar,refinery_mining,37941846937.0,202508
Immensea,metanox_mining,111052434785.0,202508
Immensea,refinery_mining,72403222522.0,202508
Impass,metanox_mining,107297679652.0,202508
Impass,refinery_mining,88089618459.0,202508
Insmother,metanox_mining,67592206698.0,202508
Insmother,refinery_mining,124238931807.0,202508
Kador,metanox_mining,79523633651.0,202508
Kador,refinery_mining,94486448136.0,202508
Khanid,metanox_mining,166453395140.0,202508
Khanid,refinery_mining,40833617839.0,202508
Kor-Azor,metanox_mining,116549741438.0,202508
Kor-Azor,refinery_mining,12962176032.0,202508
Lonetrek,metanox_mining,83871437894.0,202508
Lonetrek,refinery_mining,48338064742.0,202508
Malpais,metanox_mining,140479696408.0,202508
Malpais,refinery_mining,268478782250.0,202508
Metropolis,metanox_mining,259104022233.0,202508
Metropolis,refinery_mining,36722192454.0,202508
Molden Heath,metanox_mining,142210628878.0,202508
Molden Heath,refinery_mining,148273990691.0,202508
Oasa,metanox_mining,153352040713.0,202508
Oasa,refinery_mining,158551154880.0,202508
Omist,metanox_mining,124883280587.0,202508
Omist,refinery_mining,108782583431.0,202508
Outer Passage,metanox_mining,111783459073.0,202508
Outer Passage,refinery_mining,156126982914.0,202508
Outer Ring,metanox_mining,212083377520.0,202508
Outer Ring,refinery_mining,156984950764.0,202508
Paragon Soul,metanox_mining,37570967847.0,202508
Paragon Soul,refinery_mining,29309013385.0,202508
Period Basis,metanox_mining,72868462456.0,202508
Period Basis,refinery_mining,26812616.0,202508
Perrigen Falls,metanox_mining,240527524194.0,202508
Perrigen Falls,refinery_mining,191573879895.0,202508
Placid,metanox_mining,182879766824.0,202508
Placid,refinery_mining,22241510128.0,202508
Pochven,refinery_mining,22382360580.0,202508
Providence,metanox_mining,186771326633.0,202508
Providence,refinery_mining,217965496055.0,202508
Pure Blind,metanox_mining,294156380657.0,202508
Pure Blind,refinery_mining,340306432647.0,202508
Querious,metanox_mining,449103691372.0,202508
Querious,refinery_mining,68034735353.0,202508
Scalding Pass,metanox_mining,264418072501.0,202508
Scalding Pass,refinery_mining,45675229570.0,202508
Sinq Laison,metanox_mining,127590047415.0,202508
Sinq Laison,refinery_mining,45474397748.0,202508
Solitude,metanox_mining,144765146435.0,202508
Solitude,refinery_mining,23516393164.0,202508
Stain,metanox_mining,265910316638.0,202508
Stain,refinery_mining,310346387054.0,202508
Syndicate,metanox_mining,452562673649.0,202508
Syndicate,refinery_mining,219691371428.0,202508
Tash-Murkon,metanox_mining,23428018168.0,202508
Tash-Murkon,refinery_mining,38119736658.0,202508
Tenal,metanox_mining,112934001738.0,202508
Tenal,refinery_mining,49928063059.0,202508
Tenerifis,metanox_mining,169410759623.0,202508
Tenerifis,refinery_mining,320890138219.0,202508
The Bleak Lands,metanox_mining,61824293181.0,202508
The Bleak Lands,refinery_mining,10095090002.0,202508
The Citadel,metanox_mining,85641212700.0,202508
The Citadel,refinery_mining,41760960252.0,202508
The Forge,metanox_mining,71314148441.0,202508
The Forge,refinery_mining,86564052716.0,202508
The Kalevala Expanse,metanox_mining,246727223953.0,202508
The Kalevala Expanse,refinery_mining,135576124977.0,202508
The Spire,metanox_mining,100086376866.0,202508
The Spire,refinery_mining,181569735380.0,202508
Tribute,metanox_mining,148248497204.0,202508
Tribute,refinery_mining,355061212781.0,202508
Vale of the Silent,metanox_mining,175735894682.0,202508
Vale of the Silent,refinery_mining,939187761395.0,202508
Venal,metanox_mining,363975421246.0,202508
Venal,refinery_mining,96127453326.0,202508
Verge Vendor,metanox_mining,41474256870.0,202508
Verge Vendor,refinery_mining,27902131881.0,202508
Wicked Creek,metanox_mining,65729006160.0,202508
Wicked Creek,refinery_mining,182458507301.0,202508
Wormhole (Class 1),metanox_mining,3299484619.0,202508
Wormhole (Class 1),refinery_mining,574524316.0,202508
Wormhole (Class 2),metanox_mining,18917624582.0,202508
Wormhole (Class 2),refinery_mining,685521174.0,202508
Wormhole (Class 3),metanox_mining,7738869923.0,202508
Wormhole (Class 3),refinery_mining,724224688.0,202508
Wormhole (Class 4),metanox_mining,18017595333.0,202508
Wormhole (Class 4),refinery_mining,1066072624.0,202508
Wormhole (Class 5),metanox_mining,4514734342.0,202508
Wormhole (Class 5),refinery_mining,394087744.0,202508
